{
    "ellipsoid": {
        "a": 1.0,
        "b": 1.0,
        "c": 0.5,
        "u_range": [
            -3.141592653589793,
            3.141592653589793
        ],
        "v_range": [
            0,
            3.141592653589793
        ]
    },
    "curve": {
        "u_start": 0.7853981633974483,
        "v_start": 0.5235987755982988,
        "t_range": [
            -1,
            1
        ]
    },
    "visualization": {
        "window_name": "Ellipsoid with Curve",
        "background_color": [
            1,
            1,
            1
        ],
        "curve_color": [
            0,
            1,
            0
        ],
        "mesh_color": [
            0.8,
            0.8,
            0.8
        ],
        "curve_thickness": 0.5,
        "show_wireframe": false,
        "show_axis_scale": true,
        "axis_scale_length": 0.1,
        "show_scale": false,
        "coordinate_size": 0.5
    }
}